stage,fwrd_inject
fmodel,N64_INPUT
target_worker,2
target_layer,basicblock_2_basic_1_conv1
target_epoch,19
target_step,40
inj_pos,{85,5,2,0},{85,5,2,1},{85,5,2,2},{85,5,2,3},{85,5,2,4},{85,5,2,5},{85,5,2,6},{85,5,2,7},{85,5,2,8},{85,5,2,9},{85,5,2,10},{85,5,2,11},{85,5,2,12},{85,5,2,13},{85,5,2,14},{85,5,2,15},{85,5,2,16},{85,5,2,17},{85,5,2,18},{85,5,2,19},{85,5,2,20},{85,5,2,21},{85,5,2,22},{85,5,2,23},{85,5,2,24},{85,5,2,25},{85,5,2,26},{85,5,2,27},{85,5,2,28},{85,5,2,29},{85,5,2,30},{85,5,2,31},{85,5,2,32},{85,5,2,33},{85,5,2,
34},{85,5,2,35},{85,5,2,36},{85,5,2,37},{85,5,2,38},{85,5,2,39},{85,5,2,40},{85,5,2,41},{85,5,2,42},{85,5,2,43},{85,5,2,44},{85,5,2,45},{85,5,2,46},{85,5,2,47},{85,5,2,48},{85,5,2,49},{
85,5,2,50},{85,5,2,51},{85,5,2,52},{85,5,2,53},{85,5,2,54},{85,5,2,55},{85,5,2,56},{85,5,2,57},{85,5,2,58},{85,5,2,59},{85,5,2,60},{85,5,2,61},{85,5,2,62},{85,5,2,63}
inj_values,{2.11956654662366e+17,8.2783904480624e+17,6.45029894162353e+17,5.11548807921766e+16,5.25652088879763e+17,3.27023324840368e+17,3.74214846
821451e+17,5.98443753095541e+17,4.77387107108554e+17,6.87723842934198e+17,9.71342144315483e+17,4.58723576818338e+17,7.62309694478578e+17,8.94501850790953e+17,5.16589037826315e+16,7.5983
9439831009e+17,9.26325601861603e+17,5.06806908587212e+17,1.72857757391788e+17,5.73427527094055e+17,7.93703605160623e+17,4.66201564600114e+17,5.74836355690376e+17,2.63300314907669e+17,4.
63243608123894e+17,5.84079924094173e+17,5.77235927031636e+16,3.48769217869309e+17,3.38808881870913e+17,9.5874293262159e+17,8.81606066462322e+17,6.90276440796062e+17,4.42547957181785e+17
,1.16041175010909e+17,7.69603472835139e+17,6.1079930571021e+17,3.2436960487365e+17,6.00429780622199e+17,7.58203116053663e+17,5.6984746678467e+17,3.41933171606118e+17,7.98766426900415e+1
7,3.44853106298277e+17,7.15344028438243e+17,8.12666622353726e+17,6.54290361148418e+17,8.09715729893374e+17,3.84313125879004e+17,6.44680543461961e+17,5.21180694868607e+17,1.8396460823676
2e+17,1.67247527415552e+17,4.63370394009937e+17,2.98982607800429e+16,9.49057224796816e+17,8.33531787672283e+16,6.59691903143963e+17,1.42056091137496e+17,9.85208839166904e+17,6.543046089
73697e+17,5.03863333915173e+17,2.16757629099302e+17,4.76536744021434e+17,7.02333568358432e+17}
learning_rate,0.001
seed,123
